FGM (A),FGA (A),3PM (A),3PA (A),FTM (A),FTA (A),OREB (A),DREB (A),REB (A),AST (A),STL (A),BLK (A),TO (A),PF (A),PTS (A),FG% (A),3P% (A),FT% (A),FGM (H),FGA (H),3PM (H),3PA (H),FTM (H),FTA (H),OREB (H),DREB (H),REB (H),AST (H),STL (H),BLK (H),TO (H),PF (H),PTS (H),FG% (H),3P% (H),FT% (H),,,,,,,,,,,
24,52,6,17,13,19,10,16,26,9,4,2,15,15,67,0.462,0.353,0.684,34,60,14,25,10,12,8,18,26,21,10,2,10,18,92,0.567,0.56,0.833,,,,,,,,,,,
23,45,7,22,15,20,9,27,36,10,6,0,15,14,68,0.511,0.318,0.75,22,52,6,22,9,14,7,18,25,8,7,0,15,18,59,0.423,0.273,0.643,,,,,,,,,,,
25,61,9,23,12,18,14,18,32,15,3,3,11,17,71,0.41,0.391,0.667,33,64,5,18,14,18,15,25,40,21,4,4,10,20,85,0.516,0.278,0.778,,,,,,,,,,,
41,76,18,40,9,20,16,23,39,21,9,3,18,26,109,0.539,0.45,0.45,37,73,10,24,28,36,18,22,40,22,9,4,16,18,112,0.507,0.417,0.778,,,,,,,,,,,
24,58,5,21,9,13,7,30,37,13,4,7,14,13,62,0.414,0.238,0.692,25,65,8,25,8,9,11,29,40,11,7,2,12,18,66,0.385,0.32,0.889,,,,,,,,,,,
26,71,13,38,11,13,10,25,35,16,4,0,10,16,76,0.366,0.342,0.846,35,67,5,18,13,15,8,37,45,14,7,4,13,14,88,0.522,0.278,0.867,,,,,,,,,,,
24,52,5,18,20,26,9,32,41,17,4,7,13,17,73,0.462,0.278,0.769,23,66,5,20,14,20,13,22,35,14,8,8,7,18,65,0.348,0.25,0.7,,,,,,,,,,,
20,55,8,25,20,32,10,20,30,15,9,0,14,18,68,0.364,0.32,0.625,35,62,13,23,13,16,7,31,38,28,8,2,13,19,96,0.565,0.565,0.813,,,,,,,,,,,
31,53,7,17,6,11,5,17,22,12,4,2,11,19,75,0.585,0.412,0.545,28,60,8,23,19,23,12,18,30,18,10,3,6,15,83,0.467,0.348,0.826,,,,,,,,,,,
28,64,6,17,16,23,9,19,28,12,5,3,10,16,78,0.438,0.353,0.696,31,65,10,28,18,23,16,29,45,20,6,6,12,19,90,0.477,0.357,0.783,,,,,,,,,,,
26,63,15,35,10,11,9,23,32,18,6,0,10,16,77,0.413,0.429,0.909,29,61,11,27,13,17,8,24,32,17,4,5,9,13,82,0.475,0.407,0.765,,,,,,,,,,,
35,66,8,22,11,15,11,41,52,18,4,6,7,15,89,0.53,0.364,0.733,13,55,5,21,15,23,5,21,26,6,3,0,9,13,46,0.236,0.238,0.652,,,,,,,,,,,
33,66,8,24,2,4,11,26,37,14,10,4,7,17,76,0.5,0.333,0.5,17,51,6,16,11,17,11,22,33,10,2,0,17,13,51,0.333,0.375,0.647,,,,,,,,,,,
28,57,10,22,11,15,4,34,38,16,2,1,12,19,77,0.491,0.455,0.733,25,63,9,30,16,25,10,28,38,8,3,2,8,17,75,0.397,0.3,0.64,,,,,,,,,,,
20,54,6,19,12,12,9,14,23,8,9,4,9,19,58,0.37,0.316,1,26,55,3,10,16,21,16,24,40,12,7,2,11,14,71,0.473,0.3,0.762,,,,,,,,,,,
26,63,6,13,7,13,10,28,38,15,2,4,7,20,65,0.413,0.462,0.538,25,57,8,21,12,18,9,28,37,16,1,1,10,15,70,0.439,0.381,0.667,,,,,,,,,,,
32,50,12,21,17,21,6,32,38,22,2,4,14,11,93,0.64,0.571,0.81,28,61,11,30,9,14,3,15,18,18,8,1,4,14,76,0.459,0.367,0.643,,,,,,,,,,,
19,57,5,19,14,19,12,21,33,12,4,4,8,21,57,0.333,0.263,0.737,21,46,9,15,22,26,7,29,36,11,5,2,13,18,73,0.457,0.6,0.846,,,,,,,,,,,
25,53,8,21,3,8,4,19,23,12,1,1,14,11,61,0.472,0.381,0.375,41,71,8,20,10,13,13,28,41,15,10,3,4,11,100,0.577,0.4,0.769,,,,,,,,,,,
24,50,10,20,23,32,11,28,39,16,7,2,16,22,81,0.48,0.5,0.719,23,57,3,23,19,23,7,18,25,14,10,5,11,22,68,0.404,0.13,0.826,,,,,,,,,,,
31,52,12,27,15,17,8,26,34,13,6,3,10,13,89,0.596,0.444,0.882,25,54,13,23,6,9,5,13,18,14,5,2,10,15,69,0.463,0.565,0.667,,,,,,,,,,,
16,51,7,25,22,24,5,20,25,8,6,1,8,12,61,0.314,0.28,0.917,33,66,7,20,5,8,15,32,47,14,3,4,11,17,78,0.5,0.35,0.625,,,,,,,,,,,
24,58,8,28,15,22,6,21,27,10,6,2,12,17,71,0.414,0.286,0.682,34,71,11,28,15,16,17,31,48,19,8,4,14,18,94,0.479,0.393,0.938,,,,,,,,,,,
24,59,8,25,7,8,10,26,36,16,6,2,12,10,63,0.407,0.32,0.875,28,63,5,15,3,4,9,25,34,19,6,2,8,7,64,0.444,0.333,0.75,,,,,,,,,,,
25,58,10,32,7,9,4,21,25,13,10,1,14,16,67,0.431,0.313,0.778,34,64,6,20,16,21,13,30,43,14,11,3,13,11,90,0.531,0.3,0.762,,,,,,,,,,,
28,61,12,30,9,17,9,27,36,15,6,1,8,16,77,0.459,0.4,0.529,28,60,9,25,14,18,9,28,37,16,4,2,9,14,79,0.467,0.36,0.778,,,,,,,,,,,
19,55,4,19,3,4,9,25,34,11,4,1,12,10,45,0.345,0.211,0.75,29,58,7,27,3,4,5,26,31,16,7,6,6,10,68,0.5,0.259,0.75,,,,,,,,,,,
16,61,3,20,2,9,7,23,30,6,9,3,11,10,37,0.262,0.15,0.222,23,60,8,25,4,5,14,36,50,15,4,4,18,14,58,0.383,0.32,0.8,,,,,,,,,,,
28,57,7,22,11,12,6,30,36,14,12,3,23,24,74,0.491,0.318,0.917,27,66,8,27,21,32,14,20,34,7,12,1,14,15,83,0.409,0.296,0.656,,,,,,,,,,,
24,47,8,12,23,30,3,29,32,13,7,3,11,17,79,0.511,0.667,0.767,23,62,8,26,16,18,10,27,37,13,7,2,13,24,70,0.371,0.308,0.889,,,,,,,,,,,
25,67,5,21,12,21,16,30,46,14,4,4,9,22,67,0.373,0.238,0.571,22,54,10,16,17,29,9,31,40,17,2,7,12,20,71,0.407,0.625,0.586,,,,,,,,,,,
26,60,7,22,1,6,7,24,31,17,3,0,8,12,60,0.433,0.318,0.167,26,57,6,20,12,16,9,30,39,14,4,0,10,15,70,0.456,0.3,0.75,,,,,,,,,,,
29,77,13,35,18,26,23,21,44,9,13,1,18,22,89,0.377,0.371,0.692,31,55,6,15,16,28,10,33,43,18,6,1,31,25,84,0.564,0.4,0.571,,,,,,,,,,,
30,65,13,32,23,30,13,20,33,13,8,0,12,19,96,0.462,0.406,0.767,33,60,10,27,14,20,12,24,36,19,7,1,20,21,90,0.55,0.37,0.7,,,,,,,,,,,
27,57,6,25,14,22,4,22,26,9,3,2,11,17,74,0.474,0.24,0.636,35,61,12,25,15,24,8,26,34,17,4,1,10,19,97,0.574,0.48,0.625,,,,,,,,,,,
26,51,8,18,10,16,5,26,31,10,7,3,13,15,70,0.51,0.444,0.625,26,65,9,26,8,10,13,22,35,16,7,1,13,17,69,0.4,0.346,0.8,,,,,,,,,,,
22,58,5,22,12,14,11,27,38,13,3,1,10,18,61,0.379,0.227,0.857,19,55,4,16,12,18,13,25,38,6,3,3,12,15,54,0.345,0.25,0.667,,,,,,,,,,,
27,58,8,17,10,11,6,26,32,10,6,3,9,19,72,0.466,0.471,0.909,24,56,10,25,9,20,13,26,39,13,5,6,11,17,67,0.429,0.4,0.45,,,,,,,,,,,
25,58,7,23,28,36,9,38,47,12,2,5,19,20,85,0.431,0.304,0.778,30,69,4,12,11,22,8,30,38,14,3,4,10,23,75,0.435,0.333,0.5,,,,,,,,,,,
29,63,7,21,12,19,8,29,37,16,8,1,13,15,77,0.46,0.333,0.632,27,68,8,26,13,15,12,30,42,13,9,3,13,16,75,0.397,0.308,0.867,,,,,,,,,,,
31,68,13,31,15,19,12,24,36,16,5,1,13,20,90,0.456,0.419,0.789,32,61,13,25,24,32,9,28,37,19,8,3,9,19,101,0.525,0.52,0.75,,,,,,,,,,,
24,49,5,14,14,19,3,33,36,15,4,7,8,9,67,0.49,0.357,0.737,22,68,8,29,3,3,12,25,37,11,4,1,6,17,55,0.324,0.276,1,,,,,,,,,,,
17,52,5,13,16,22,7,17,24,10,3,0,12,13,55,0.327,0.385,0.727,33,57,19,34,6,9,8,30,38,23,6,3,14,16,91,0.579,0.559,0.667,,,,,,,,,,,
24,64,5,20,7,9,8,21,29,12,8,2,7,17,60,0.375,0.25,0.778,26,55,2,8,10,19,9,34,43,11,2,3,13,14,64,0.473,0.25,0.526,,,,,,,,,,,
28,62,9,21,8,15,13,34,47,22,8,5,11,14,73,0.452,0.429,0.533,22,54,6,18,5,12,2,26,28,13,6,2,11,17,55,0.407,0.333,0.417,,,,,,,,,,,
25,62,15,36,6,10,9,18,27,15,8,1,15,21,71,0.403,0.417,0.6,29,52,6,14,18,26,10,30,40,12,11,3,13,10,82,0.558,0.429,0.692,,,,,,,,,,,
23,55,4,17,11,12,7,31,38,13,3,4,9,15,61,0.418,0.235,0.917,22,55,7,19,7,13,5,26,31,13,1,2,7,13,58,0.4,0.368,0.538,,,,,,,,,,,
23,54,7,25,8,12,7,25,32,14,7,1,19,12,61,0.426,0.28,0.667,30,62,8,21,10,13,10,24,34,16,13,3,13,13,78,0.484,0.381,0.769,,,,,,,,,,,
36,63,10,19,9,14,9,25,34,24,14,0,15,16,91,0.571,0.526,0.643,19,54,7,23,18,20,11,20,31,12,8,5,26,14,63,0.352,0.304,0.9,,,,,,,,,,,
22,57,8,20,8,9,9,17,26,9,1,4,4,7,60,0.386,0.4,0.889,31,60,10,21,1,1,12,26,38,13,2,4,5,11,73,0.517,0.476,1,,,,,,,,,,,
33,65,18,40,9,14,14,32,46,28,8,4,10,15,93,0.508,0.45,0.643,24,58,8,25,6,14,6,18,24,14,6,1,10,12,62,0.414,0.32,0.429,,,,,,,,,,,
17,53,2,13,10,16,6,26,32,3,3,1,15,17,46,0.321,0.154,0.625,31,65,10,25,18,25,13,34,47,19,10,4,8,13,90,0.477,0.4,0.72,,,,,,,,,,,
20,54,3,14,4,9,5,25,30,8,4,3,11,12,47,0.37,0.214,0.444,23,65,6,25,9,12,18,31,49,11,9,2,13,14,61,0.354,0.24,0.75,,,,,,,,,,,
37,66,12,28,7,11,10,26,36,19,6,0,11,14,93,0.561,0.429,0.636,29,73,16,38,11,16,15,19,34,18,5,4,9,13,85,0.397,0.421,0.688,,,,,,,,,,,
22,53,10,22,17,18,7,33,40,13,2,5,9,12,71,0.415,0.455,0.944,21,59,8,19,10,16,8,24,32,12,6,2,6,14,60,0.356,0.421,0.625,,,,,,,,,,,
19,45,4,12,20,26,6,22,28,9,2,3,11,16,62,0.422,0.333,0.769,32,57,12,26,10,12,4,23,27,11,8,1,5,18,86,0.561,0.462,0.833,,,,,,,,,,,
23,72,8,24,18,27,12,28,40,17,6,0,10,23,72,0.319,0.333,0.667,34,64,8,17,20,32,11,42,53,23,7,7,14,22,96,0.531,0.471,0.625,,,,,,,,,,,
30,60,6,21,8,10,11,23,34,12,6,2,8,19,74,0.5,0.286,0.8,16,44,6,20,12,20,7,17,24,9,5,1,9,17,50,0.364,0.3,0.6,,,,,,,,,,,
32,56,12,19,11,21,7,24,31,14,4,3,11,11,87,0.571,0.632,0.524,28,64,8,21,7,10,12,21,33,8,8,3,12,20,71,0.438,0.381,0.7,,,,,,,,,,,
23,60,10,33,3,6,10,15,25,16,7,2,13,21,59,0.383,0.303,0.5,20,34,7,13,21,29,3,25,28,12,6,2,18,12,68,0.588,0.538,0.724,,,,,,,,,,,
24,65,9,25,3,7,14,15,29,12,6,5,10,17,60,0.369,0.36,0.429,24,49,6,10,10,13,11,29,40,14,3,1,18,15,64,0.49,0.6,0.769,,,,,,,,,,,
16,49,10,25,17,27,10,22,32,12,2,1,15,22,59,0.327,0.4,0.63,32,58,11,26,16,24,9,28,37,17,7,2,6,24,91,0.552,0.423,0.667,,,,,,,,,,,
18,53,6,19,11,14,8,23,31,10,6,3,16,20,53,0.34,0.316,0.786,30,61,9,24,11,16,12,29,41,18,7,5,12,17,80,0.492,0.375,0.688,,,,,,,,,,,
19,50,8,18,11,15,6,30,36,13,4,1,11,17,57,0.38,0.444,0.733,15,52,2,17,10,14,10,26,36,7,2,4,12,14,42,0.288,0.118,0.714,,,,,,,,,,,
24,67,8,29,8,13,12,17,29,11,11,4,10,26,64,0.358,0.276,0.615,24,48,9,17,23,30,11,30,41,15,9,4,18,15,80,0.5,0.529,0.767,,,,,,,,,,,
24,67,5,21,1,1,8,22,30,11,4,0,10,15,54,0.358,0.238,1,33,63,18,30,12,17,12,32,44,23,7,1,6,8,96,0.524,0.6,0.706,,,,,,,,,,,
23,61,10,31,8,13,8,22,30,13,6,2,14,20,64,0.377,0.323,0.615,28,55,8,21,22,27,8,31,39,16,10,1,11,15,86,0.509,0.381,0.815,,,,,,,,,,,
26,45,8,14,15,23,3,16,19,12,1,0,7,19,75,0.578,0.571,0.652,28,53,6,14,15,23,12,20,32,16,4,1,7,15,77,0.528,0.429,0.652,,,,,,,,,,,
36,74,6,13,8,16,20,27,47,16,7,1,13,13,86,0.486,0.462,0.5,34,63,10,25,11,14,5,23,28,22,7,2,9,12,89,0.54,0.4,0.786,,,,,,,,,,,
27,51,10,23,14,20,5,34,39,13,7,3,16,13,78,0.529,0.435,0.7,24,64,12,32,1,6,7,22,29,16,8,1,11,15,61,0.375,0.375,0.167,,,,,,,,,,,
23,65,2,19,2,7,21,26,47,4,7,3,17,16,50,0.354,0.105,0.286,21,49,12,25,16,22,6,22,28,14,13,3,13,17,70,0.429,0.48,0.727,,,,,,,,,,,
25,53,4,8,5,9,8,22,30,11,6,2,15,14,59,0.472,0.5,0.556,28,51,8,20,7,14,2,22,24,8,8,1,11,14,71,0.549,0.4,0.5,,,,,,,,,,,
27,68,9,32,20,27,16,39,55,7,6,1,7,17,83,0.397,0.281,0.741,22,63,13,37,6,14,9,31,40,15,2,2,12,24,63,0.349,0.351,0.429,,,,,,,,,,,
25,49,9,20,14,19,6,27,33,17,5,0,11,16,73,0.51,0.45,0.737,22,53,9,21,14,16,6,22,28,12,6,2,8,18,67,0.415,0.429,0.875,,,,,,,,,,,
39,70,13,25,14,20,3,28,31,16,2,1,13,20,105,0.557,0.52,0.7,38,79,6,19,22,25,14,32,46,9,10,1,11,20,104,0.481,0.316,0.88,,,,,,,,,,,
23,49,9,18,2,4,5,26,31,13,5,3,17,10,57,0.469,0.5,0.5,24,62,7,27,4,8,14,22,36,11,8,1,10,11,59,0.387,0.259,0.5,,,,,,,,,,,
28,45,9,11,15,20,2,28,30,13,6,2,16,21,80,0.622,0.818,0.75,24,59,7,23,6,11,9,19,28,7,4,1,13,19,61,0.407,0.304,0.545,,,,,,,,,,,
24,55,6,19,8,14,12,20,32,13,5,3,6,11,62,0.436,0.316,0.571,19,49,5,15,6,8,10,24,34,10,2,1,12,13,49,0.388,0.333,0.75,,,,,,,,,,,
20,58,6,24,14,16,7,24,31,6,3,1,10,16,60,0.345,0.25,0.875,29,61,12,30,11,15,9,30,39,20,6,1,12,14,81,0.475,0.4,0.733,,,,,,,,,,,
21,52,10,22,16,20,6,34,40,14,1,1,7,10,68,0.404,0.455,0.8,23,63,8,17,5,6,7,28,35,16,3,4,4,13,59,0.365,0.471,0.833,,,,,,,,,,,
16,63,2,20,25,28,14,28,42,7,6,9,10,19,59,0.254,0.1,0.893,20,56,8,22,13,18,10,30,40,9,3,6,12,19,61,0.357,0.364,0.722,,,,,,,,,,,
28,56,16,30,15,17,6,20,26,11,5,1,9,14,87,0.5,0.533,0.882,31,61,8,18,5,8,12,22,34,17,5,2,12,16,75,0.508,0.444,0.625,,,,,,,,,,,
22,46,7,19,13,18,8,25,33,12,3,2,16,17,64,0.478,0.368,0.722,26,55,6,18,12,16,6,18,24,16,9,3,7,18,70,0.473,0.333,0.75,,,,,,,,,,,
22,68,9,22,12,14,22,24,46,11,8,1,24,22,65,0.324,0.409,0.857,27,52,10,24,23,31,5,26,31,19,15,10,13,18,87,0.519,0.417,0.742,,,,,,,,,,,
29,64,9,24,7,14,13,28,41,18,1,2,15,18,74,0.453,0.375,0.5,27,61,5,18,18,21,8,26,34,11,11,5,9,18,77,0.443,0.278,0.857,,,,,,,,,,,
21,55,7,20,17,24,9,24,33,5,3,2,12,20,66,0.382,0.35,0.708,25,52,10,17,12,20,8,30,38,9,6,4,15,21,72,0.481,0.588,0.6,,,,,,,,,,,
27,69,7,22,11,14,12,20,32,3,8,5,10,18,72,0.391,0.318,0.786,30,62,11,24,21,23,13,31,44,12,5,0,15,13,92,0.484,0.458,0.913,,,,,,,,,,,
29,67,8,24,12,16,7,27,34,16,12,3,10,18,78,0.433,0.333,0.75,31,64,8,18,14,22,10,34,44,15,6,2,14,15,84,0.484,0.444,0.636,,,,,,,,,,,
24,60,11,23,13,20,6,32,38,15,2,2,9,26,72,0.4,0.478,0.65,26,67,8,22,17,32,17,31,48,13,3,3,8,19,77,0.388,0.364,0.531,,,,,,,,,,,
24,64,9,18,15,22,10,28,38,10,7,3,6,16,72,0.375,0.5,0.682,24,55,5,18,10,16,9,33,42,11,2,5,12,21,63,0.436,0.278,0.625,,,,,,,,,,,
33,66,12,18,10,17,8,16,24,19,10,0,10,16,88,0.5,0.667,0.588,27,59,5,16,16,20,13,29,42,12,5,0,20,22,75,0.458,0.313,0.8,,,,,,,,,,,
29,62,5,12,13,21,9,26,35,10,9,2,16,27,76,0.468,0.417,0.619,27,56,8,16,25,37,10,29,39,14,9,1,15,18,87,0.482,0.5,0.676,,,,,,,,,,,
23,57,5,17,12,17,10,31,41,13,4,8,17,24,63,0.404,0.294,0.706,26,66,4,15,14,25,14,28,42,10,8,3,9,12,70,0.394,0.267,0.56,,,,,,,,,,,
25,63,5,24,7,11,20,30,50,9,1,2,16,23,62,0.397,0.208,0.636,25,52,8,16,15,26,7,20,27,14,6,2,8,18,73,0.481,0.5,0.577,,,,,,,,,,,
20,59,6,22,14,15,10,20,30,7,8,1,10,14,60,0.339,0.273,0.933,21,52,5,17,16,20,12,26,38,11,1,2,15,11,63,0.404,0.294,0.8,,,,,,,,,,,
26,60,11,31,7,9,2,32,34,14,6,3,11,14,70,0.433,0.355,0.778,26,65,6,18,5,9,7,31,38,12,3,4,11,13,63,0.4,0.333,0.556,,,,,,,,,,,
19,53,6,18,14,18,8,28,36,7,4,3,12,17,58,0.358,0.333,0.778,24,56,3,11,16,23,8,26,34,8,6,4,9,19,67,0.429,0.273,0.696,,,,,,,,,,,
19,57,4,19,22,28,11,25,36,5,2,5,10,21,64,0.333,0.211,0.786,27,52,7,13,19,31,6,29,35,17,3,1,8,23,80,0.519,0.538,0.613,,,,,,,,,,,
27,69,10,33,6,9,13,24,37,12,4,1,10,17,70,0.391,0.303,0.667,27,57,7,14,18,22,3,29,32,12,7,5,11,12,79,0.474,0.5,0.818,,,,,,,,,,,
16,61,6,31,5,9,7,30,37,9,3,2,6,16,43,0.262,0.194,0.556,16,51,10,26,11,15,7,34,41,9,1,2,10,17,53,0.314,0.385,0.733,,,,,,,,,,,
27,67,4,20,9,13,19,29,48,8,3,2,14,14,67,0.403,0.2,0.692,28,66,11,33,17,19,11,24,35,13,8,2,6,18,84,0.424,0.333,0.895,,,,,,,,,,,
20,70,10,26,8,8,21,24,45,9,2,2,5,16,58,0.286,0.385,1,22,49,7,18,15,16,4,29,33,14,2,2,4,10,66,0.449,0.389,0.938,,,,,,,,,,,
21,59,7,23,5,7,4,14,18,11,11,1,9,21,54,0.356,0.304,0.714,21,46,3,10,19,23,11,35,46,8,4,1,23,12,64,0.457,0.3,0.826,,,,,,,,,,,
25,55,6,17,5,10,7,23,30,12,8,1,6,13,61,0.455,0.353,0.5,20,56,5,15,8,12,14,26,40,11,4,2,12,11,53,0.357,0.333,0.667,,,,,,,,,,,
16,45,3,12,14,23,5,32,37,2,5,1,12,18,49,0.356,0.25,0.609,21,53,4,15,5,12,4,30,34,6,3,2,7,19,51,0.396,0.267,0.417,,,,,,,,,,,
20,54,8,20,16,17,7,28,35,10,6,3,8,13,64,0.37,0.4,0.941,21,54,7,15,9,13,7,27,34,12,3,1,10,11,58,0.389,0.467,0.692,,,,,,,,,,,
23,65,7,23,10,15,9,19,28,13,6,0,6,15,63,0.354,0.304,0.667,31,64,5,14,12,12,14,33,47,9,3,4,13,14,79,0.484,0.357,1,,,,,,,,,,,
22,57,3,14,19,25,10,27,37,13,6,1,11,23,66,0.386,0.214,0.76,22,57,7,20,23,32,12,25,37,12,5,4,8,18,74,0.386,0.35,0.719,,,,,,,,,,,
27,58,5,14,11,17,12,34,46,17,4,6,11,17,70,0.466,0.357,0.647,20,72,6,36,7,10,19,23,42,12,6,6,9,15,53,0.278,0.167,0.7,,,,,,,,,,,
20,53,6,21,13,16,9,23,32,16,9,3,9,18,59,0.377,0.286,0.813,23,55,5,24,12,21,16,26,42,14,7,4,12,15,63,0.418,0.208,0.571,,,,,,,,,,,
20,44,5,14,16,19,5,16,21,5,8,0,14,17,61,0.455,0.357,0.842,32,52,14,26,13,20,8,18,26,14,9,0,9,16,91,0.615,0.538,0.65,,,,,,,,,,,
21,56,9,19,23,32,12,29,41,14,8,3,13,14,74,0.375,0.474,0.719,24,59,8,18,12,17,8,27,35,13,7,3,12,25,68,0.407,0.444,0.706,,,,,,,,,,,
30,48,10,17,9,10,3,23,26,22,7,0,19,19,79,0.625,0.588,0.9,30,63,11,27,6,12,11,14,25,23,9,3,12,14,77,0.476,0.407,0.5,,,,,,,,,,,
30,57,6,17,10,11,5,18,23,17,10,3,11,12,76,0.526,0.353,0.909,29,61,6,20,6,13,17,22,39,15,7,0,18,12,70,0.475,0.3,0.462,,,,,,,,,,,
24,56,7,24,13,21,10,31,41,21,3,3,8,14,68,0.429,0.292,0.619,27,62,8,19,5,10,8,25,33,19,6,4,7,16,67,0.435,0.421,0.5,,,,,,,,,,,
23,48,5,15,6,15,7,21,28,20,12,3,9,12,57,0.479,0.333,0.4,18,47,3,10,10,14,10,25,35,9,5,5,16,14,49,0.383,0.3,0.714,,,,,,,,,,,
17,52,10,31,14,17,4,35,39,14,4,2,8,20,58,0.327,0.323,0.824,15,52,7,26,16,23,4,32,36,11,6,2,7,17,53,0.288,0.269,0.696,,,,,,,,,,,
24,59,3,18,14,28,11,25,36,6,7,3,10,22,65,0.407,0.167,0.5,25,60,8,21,16,23,16,30,46,8,5,2,15,20,74,0.417,0.381,0.696,,,,,,,,,,,
24,59,8,22,5,10,6,28,34,19,7,1,7,9,61,0.407,0.364,0.5,26,67,3,13,2,3,9,34,43,14,6,1,7,14,57,0.388,0.231,0.667,,,,,,,,,,,
21,49,1,13,19,24,7,25,32,10,10,7,7,10,62,0.429,0.077,0.792,23,59,5,14,4,8,14,24,38,13,5,2,12,15,55,0.39,0.357,0.5,,,,,,,,,,,
22,53,3,8,9,14,12,21,33,14,5,1,11,13,56,0.415,0.375,0.643,21,47,6,19,10,12,7,20,27,11,3,2,13,16,58,0.447,0.316,0.833,,,,,,,,,,,
18,57,2,19,9,16,14,25,39,7,4,0,15,9,47,0.316,0.105,0.563,28,61,9,30,2,3,9,26,35,22,13,2,9,19,67,0.459,0.3,0.667,,,,,,,,,,,
19,62,4,26,10,14,13,31,44,13,6,4,13,20,52,0.306,0.154,0.714,14,46,8,20,18,27,4,30,34,11,6,3,12,15,54,0.304,0.4,0.667,,,,,,,,,,,
18,47,6,21,15,24,8,21,29,12,6,2,7,18,57,0.383,0.286,0.625,23,46,5,10,7,13,6,24,30,14,4,2,11,17,58,0.5,0.5,0.538,,,,,,,,,,,
24,58,10,21,5,8,7,24,31,15,12,4,6,13,63,0.414,0.476,0.625,19,52,6,20,11,13,8,29,37,12,1,5,15,12,55,0.365,0.3,0.846,,,,,,,,,,,
32,75,11,33,12,21,20,26,46,20,4,5,8,13,87,0.427,0.333,0.571,34,70,10,24,11,14,12,24,36,22,5,7,7,15,89,0.486,0.417,0.786,,,,,,,,,,,
22,57,7,20,10,14,11,27,38,8,6,4,9,13,61,0.386,0.35,0.714,23,52,10,21,7,10,4,26,30,16,5,0,8,13,63,0.442,0.476,0.7,,,,,,,,,,,
22,57,7,20,20,25,10,27,37,10,6,2,11,17,71,0.386,0.35,0.8,20,51,8,21,16,20,6,28,34,9,8,1,14,19,64,0.392,0.381,0.8,,,,,,,,,,,
22,51,7,18,16,20,3,21,24,15,4,3,10,17,67,0.431,0.389,0.8,30,60,7,18,18,26,14,27,41,16,6,5,7,15,85,0.5,0.389,0.692,,,,,,,,,,,
17,51,7,23,16,18,14,16,30,12,8,1,12,17,57,0.333,0.304,0.889,24,44,6,17,8,15,8,20,28,11,8,1,13,14,62,0.545,0.353,0.533,,,,,,,,,,,
21,55,3,14,4,7,6,27,33,3,3,0,7,10,49,0.382,0.214,0.571,25,60,9,30,8,11,9,30,39,5,6,3,3,9,67,0.417,0.3,0.727,,,,,,,,,,,
20,59,9,26,13,17,14,21,35,8,5,3,9,24,62,0.339,0.346,0.765,22,40,5,12,22,34,6,26,32,14,1,3,10,18,71,0.55,0.417,0.647,,,,,,,,,,,
22,57,11,27,7,14,9,25,34,18,6,3,9,13,62,0.386,0.407,0.5,27,65,9,25,8,9,13,29,42,16,5,5,10,17,71,0.415,0.36,0.889,,,,,,,,,,,
26,60,10,22,7,10,9,19,28,13,3,0,10,21,69,0.433,0.455,0.7,28,50,6,18,15,28,9,28,37,14,6,5,10,15,77,0.56,0.333,0.536,,,,,,,,,,,
26,57,14,32,9,20,5,28,33,20,6,0,10,25,75,0.456,0.438,0.45,27,68,11,24,19,26,18,33,51,18,4,3,10,20,84,0.397,0.458,0.731,,,,,,,,,,,
23,59,8,25,3,5,11,29,40,14,5,3,17,9,57,0.39,0.32,0.6,24,57,7,20,1,5,4,24,28,13,9,1,15,12,56,0.421,0.35,0.2,,,,,,,,,,,
28,68,4,15,4,9,10,26,36,15,7,7,10,22,64,0.412,0.267,0.444,24,57,5,15,22,32,12,34,46,16,6,5,10,15,75,0.421,0.333,0.688,,,,,,,,,,,
30,59,11,25,16,25,13,34,47,16,6,9,14,15,87,0.508,0.44,0.64,25,72,5,19,5,10,16,21,37,11,8,2,14,21,60,0.347,0.263,0.5,,,,,,,,,,,
21,59,9,28,8,9,12,21,33,7,3,0,5,10,59,0.356,0.321,0.889,24,52,9,23,8,10,8,25,33,11,4,3,7,11,65,0.462,0.391,0.8,,,,,,,,,,,
26,54,1,14,19,27,13,21,34,16,5,3,8,17,72,0.481,0.071,0.704,22,54,6,25,16,20,13,19,32,15,5,5,11,21,66,0.407,0.24,0.8,,,,,,,,,,,
23,60,6,26,15,18,11,25,36,12,8,3,11,17,67,0.383,0.231,0.833,26,51,9,15,14,15,1,28,29,14,3,2,14,18,75,0.51,0.6,0.933,,,,,,,,,,,
22,48,7,22,17,20,7,31,38,15,2,1,11,14,68,0.458,0.318,0.85,20,55,7,21,16,25,8,21,29,12,8,1,4,14,63,0.364,0.333,0.64,,,,,,,,,,,
28,78,9,24,8,9,11,27,38,19,8,3,5,17,73,0.359,0.375,0.889,32,61,10,25,16,23,8,38,46,22,2,5,11,12,90,0.525,0.4,0.696,,,,,,,,,,,
34,70,9,19,8,12,9,24,33,22,9,1,15,20,85,0.486,0.474,0.667,34,65,7,17,15,24,10,30,40,17,10,3,17,12,90,0.523,0.412,0.625,,,,,,,,,,,
28,59,7,18,20,25,14,35,49,16,6,4,15,15,83,0.475,0.389,0.8,25,65,10,27,14,17,8,19,27,15,8,3,10,20,74,0.385,0.37,0.824,,,,,,,,,,,
26,59,4,18,12,15,11,32,43,13,2,6,12,10,68,0.441,0.222,0.8,23,62,4,20,10,13,10,23,33,7,5,4,10,15,60,0.371,0.2,0.769,,,,,,,,,,,
26,54,16,30,15,20,6,18,24,19,7,0,9,19,83,0.481,0.533,0.75,30,52,11,18,18,24,8,25,33,23,5,3,12,19,89,0.577,0.611,0.75,,,,,,,,,,,
25,61,7,18,6,10,9,22,31,15,6,2,10,22,63,0.41,0.389,0.6,29,59,7,20,19,22,9,28,37,20,5,7,9,11,84,0.492,0.35,0.864,,,,,,,,,,,
22,59,9,21,6,10,8,25,33,17,4,3,11,14,59,0.373,0.429,0.6,28,61,8,19,14,16,8,31,39,18,9,4,9,10,78,0.459,0.421,0.875,,,,,,,,,,,
27,59,10,28,19,29,12,26,38,13,6,3,11,13,83,0.458,0.357,0.655,31,71,7,25,8,11,14,27,41,16,2,4,10,20,77,0.437,0.28,0.727,,,,,,,,,,,
24,61,5,17,8,12,12,21,33,15,5,3,8,11,61,0.393,0.294,0.667,26,56,9,15,13,14,9,27,36,14,4,4,8,12,74,0.464,0.6,0.929,,,,,,,,,,,
24,62,9,26,19,24,13,25,38,12,3,9,9,19,76,0.387,0.346,0.792,25,62,9,24,22,26,13,27,40,16,4,8,8,15,81,0.403,0.375,0.846,,,,,,,,,,,
21,61,8,28,7,8,14,22,36,16,2,1,10,13,57,0.344,0.286,0.875,25,55,5,21,9,11,8,27,35,12,5,2,9,10,64,0.455,0.238,0.818,,,,,,,,,,,
21,57,5,18,2,2,13,25,38,9,4,3,15,16,49,0.368,0.278,1,22,52,3,16,8,13,10,23,33,9,8,6,9,11,55,0.423,0.188,0.615,,,,,,,,,,,
24,57,5,14,12,20,12,28,40,8,4,2,15,16,65,0.421,0.357,0.6,21,55,6,16,11,19,8,27,35,10,7,2,11,19,59,0.382,0.375,0.579,,,,,,,,,,,
20,59,8,20,5,8,16,26,42,14,8,2,20,17,53,0.339,0.4,0.625,22,59,7,22,12,16,14,23,37,17,8,6,15,10,63,0.373,0.318,0.75,,,,,,,,,,,
28,56,4,10,9,12,14,31,45,17,2,4,10,15,69,0.5,0.4,0.75,19,56,4,24,12,18,11,16,27,13,7,4,6,12,54,0.339,0.167,0.667,,,,,,,,,,,
23,53,4,15,10,13,10,35,45,13,7,2,18,16,60,0.434,0.267,0.769,22,65,6,21,7,11,11,23,34,12,8,3,9,11,57,0.338,0.286,0.636,,,,,,,,,,,
28,60,2,12,21,36,12,32,44,15,6,4,10,20,79,0.467,0.167,0.583,26,66,12,33,17,24,12,28,40,19,6,6,10,24,81,0.394,0.364,0.708,,,,,,,,,,,
25,63,6,21,8,19,20,27,47,12,4,3,17,21,64,0.397,0.286,0.421,29,58,6,25,23,35,14,24,38,19,11,4,9,17,87,0.5,0.24,0.657,,,,,,,,,,,
26,52,12,18,13,19,8,28,36,9,5,6,12,16,77,0.5,0.667,0.684,19,52,7,25,13,17,8,22,30,7,7,2,13,21,58,0.365,0.28,0.765,,,,,,,,,,,
17,60,6,16,5,21,16,23,39,9,9,2,18,21,45,0.283,0.375,0.238,24,49,9,21,20,27,5,38,43,12,9,8,14,18,77,0.49,0.429,0.741,,,,,,,,,,,
22,51,7,22,3,7,10,17,27,16,6,1,11,15,54,0.431,0.318,0.429,23,46,5,18,9,18,10,20,30,11,6,5,11,11,60,0.5,0.278,0.5,,,,,,,,,,,
25,55,8,25,14,21,14,19,33,12,7,4,15,11,72,0.455,0.32,0.667,32,52,13,22,4,7,3,19,22,20,7,2,14,21,81,0.615,0.591,0.571,,,,,,,,,,,
23,53,3,14,9,17,15,22,37,9,3,1,13,12,58,0.434,0.214,0.529,24,56,5,12,7,9,12,21,33,11,5,3,9,13,60,0.429,0.417,0.778,,,,,,,,,,,
16,45,2,11,24,32,9,29,38,7,6,5,12,22,58,0.356,0.182,0.75,17,55,2,9,13,22,14,23,37,7,6,3,13,21,49,0.309,0.222,0.591,,,,,,,,,,,
30,60,7,19,17,25,9,37,46,13,8,2,22,26,84,0.5,0.368,0.68,28,71,11,28,21,32,14,22,36,11,12,2,12,20,88,0.394,0.393,0.656,,,,,,,,,,,
28,65,10,23,9,11,13,29,42,19,5,4,10,13,75,0.431,0.435,0.818,25,62,4,19,9,13,11,24,35,13,4,4,9,13,63,0.403,0.211,0.692,,,,,,,,,,,
25,64,7,17,5,8,13,22,35,23,9,3,9,16,62,0.391,0.412,0.625,24,53,11,30,11,15,11,28,39,17,7,4,12,8,70,0.453,0.367,0.733,,,,,,,,,,,
25,61,5,15,20,27,20,34,54,14,12,4,14,16,75,0.41,0.333,0.741,14,53,0,16,14,21,10,21,31,8,10,3,15,20,42,0.264,0,0.667,,,,,,,,,,,
22,53,2,10,8,10,6,24,30,15,7,1,19,15,54,0.415,0.2,0.8,25,53,11,22,13,24,8,25,33,19,8,3,14,13,74,0.472,0.5,0.542,,,,,,,,,,,
21,69,8,27,9,13,18,27,45,14,1,3,15,12,59,0.304,0.296,0.692,34,74,10,28,6,9,14,28,42,21,8,11,9,14,84,0.459,0.357,0.667,,,,,,,,,,,
17,48,6,23,18,26,6,25,31,9,6,1,15,12,58,0.354,0.261,0.692,22,52,4,16,13,18,7,26,33,14,6,2,14,17,61,0.423,0.25,0.722,,,,,,,,,,,
27,54,6,9,6,12,11,24,35,13,3,2,13,19,66,0.5,0.667,0.5,25,60,5,18,15,24,16,19,35,14,12,3,7,12,70,0.417,0.278,0.625,,,,,,,,,,,
20,56,3,16,15,19,14,25,39,5,4,4,8,17,58,0.357,0.188,0.789,25,64,8,19,7,13,18,22,40,8,4,3,5,16,65,0.391,0.421,0.538,,,,,,,,,,,
29,67,8,20,29,39,10,33,43,20,6,2,9,16,95,0.433,0.4,0.744,32,71,6,28,16,22,10,32,42,15,5,7,14,23,86,0.451,0.214,0.727,,,,,,,,,,,
23,53,3,17,7,7,8,20,28,14,4,3,13,18,56,0.434,0.176,1,25,53,1,13,21,26,13,21,34,16,10,5,9,7,72,0.472,0.077,0.808,,,,,,,,,,,
21,42,2,6,7,12,5,21,26,10,7,2,12,11,51,0.5,0.333,0.583,16,46,6,15,6,10,10,18,28,8,8,1,14,13,44,0.348,0.4,0.6,,,,,,,,,,,
23,50,6,13,4,15,8,22,30,7,5,2,10,14,56,0.46,0.462,0.267,21,48,7,18,10,13,5,24,29,11,5,3,10,11,59,0.438,0.389,0.769,,,,,,,,,,,
20,54,7,20,18,23,14,27,41,14,6,4,11,14,65,0.37,0.35,0.783,22,59,3,17,7,15,14,20,34,8,6,4,10,18,54,0.373,0.176,0.467,,,,,,,,,,,
28,65,10,22,10,13,15,30,45,22,2,5,16,10,76,0.431,0.455,0.769,23,64,6,25,10,15,10,22,32,11,8,1,10,13,62,0.359,0.24,0.667,,,,,,,,,,,
24,54,7,20,14,20,10,28,38,16,10,7,17,16,69,0.444,0.35,0.7,21,57,9,28,13,21,11,23,34,12,11,4,14,13,64,0.368,0.321,0.619,,,,,,,,,,,
26,66,7,29,9,15,15,21,36,12,5,2,12,19,68,0.394,0.241,0.6,32,62,12,26,12,17,13,27,40,17,7,2,7,14,88,0.516,0.462,0.706,,,,,,,,,,,
21,55,8,25,0,1,7,22,29,16,5,5,12,17,50,0.382,0.32,0,18,52,6,21,17,21,14,28,42,14,8,2,12,9,59,0.346,0.286,0.81,,,,,,,,,,,
26,53,9,21,21,31,11,21,32,12,10,2,18,14,82,0.491,0.429,0.677,31,62,8,19,9,13,12,21,33,11,13,4,19,24,79,0.5,0.421,0.692,,,,,,,,,,,
18,41,9,18,9,11,3,16,19,15,4,1,12,13,54,0.439,0.5,0.818,27,48,12,25,8,10,7,21,28,18,7,0,9,14,74,0.563,0.48,0.8,,,,,,,,,,,
28,55,13,22,10,12,8,20,28,9,3,0,7,17,79,0.509,0.591,0.833,27,57,12,28,10,13,10,20,30,11,3,3,7,13,76,0.474,0.429,0.769,,,,,,,,,,,
22,67,4,20,6,7,9,17,26,5,9,0,14,16,54,0.328,0.2,0.857,40,71,3,16,10,16,17,37,54,20,5,1,15,7,93,0.563,0.188,0.625,,,,,,,,,,,
30,44,6,8,14,20,5,18,23,14,10,2,13,12,80,0.682,0.75,0.7,28,53,13,24,10,13,8,13,21,15,7,0,12,13,79,0.528,0.542,0.769,,,,,,,,,,,
20,60,5,26,9,13,14,24,38,10,8,7,9,15,54,0.333,0.192,0.692,24,54,8,17,11,14,8,30,38,15,7,2,13,16,67,0.444,0.471,0.786,,,,,,,,,,,
22,47,10,14,11,16,9,16,25,14,6,4,11,18,65,0.468,0.714,0.688,23,44,10,20,13,19,10,16,26,13,5,2,10,16,69,0.523,0.5,0.684,,,,,,,,,,,
21,58,7,21,5,8,5,19,24,7,2,4,17,8,54,0.362,0.333,0.625,46,85,12,33,6,12,21,34,55,26,11,4,5,10,110,0.541,0.364,0.5,,,,,,,,,,,
14,40,5,18,8,11,8,17,25,9,6,2,22,19,41,0.35,0.278,0.727,24,44,10,22,17,27,9,19,28,19,16,4,13,12,75,0.545,0.455,0.63,,,,,,,,,,,
16,50,2,10,17,21,16,22,38,9,12,6,21,8,51,0.32,0.2,0.81,19,56,5,22,3,9,15,19,34,13,13,6,19,17,46,0.339,0.227,0.333,,,,,,,,,,,
22,52,6,14,11,15,11,25,36,15,3,2,12,18,61,0.423,0.429,0.733,16,50,5,19,19,26,13,21,34,9,5,1,12,14,56,0.32,0.263,0.731,,,,,,,,,,,
18,46,9,20,15,22,8,30,38,8,9,4,16,13,60,0.391,0.45,0.682,15,55,8,28,13,14,11,21,32,13,8,3,12,18,51,0.273,0.286,0.929,,,,,,,,,,,
15,40,6,16,11,23,4,14,18,7,2,2,13,17,47,0.375,0.375,0.478,27,48,6,13,11,18,12,29,41,15,5,3,14,19,71,0.563,0.462,0.611,,,,,,,,,,,
23,48,6,13,5,8,7,21,28,13,3,2,14,12,57,0.479,0.462,0.625,19,42,8,18,9,13,2,21,23,13,5,2,13,14,55,0.452,0.444,0.692,,,,,,,,,,,
19,54,5,15,14,16,12,25,37,12,3,2,8,21,57,0.352,0.333,0.875,20,46,7,14,17,22,5,23,28,9,6,2,6,16,64,0.435,0.5,0.773,,,,,,,,,,,
20,59,7,27,19,23,16,32,48,6,3,2,14,15,66,0.339,0.259,0.826,22,62,2,22,11,20,12,25,37,8,10,2,8,22,57,0.355,0.091,0.55,,,,,,,,,,,
17,60,10,28,12,12,10,14,24,8,10,2,7,16,56,0.283,0.357,1,22,43,5,12,15,19,7,31,38,12,3,3,16,12,64,0.512,0.417,0.789,,,,,,,,,,,
16,45,3,15,20,23,4,22,26,6,9,4,6,13,55,0.356,0.2,0.87,15,46,9,24,9,19,12,26,38,12,5,1,15,18,48,0.326,0.375,0.474,,,,,,,,,,,
24,60,8,26,12,22,15,21,36,14,7,1,11,18,68,0.4,0.308,0.545,26,52,9,22,13,18,8,27,35,11,7,6,15,17,74,0.5,0.409,0.722,,,,,,,,,,,
15,49,3,14,14,24,15,25,40,7,4,6,14,12,47,0.306,0.214,0.583,18,53,1,13,9,14,13,24,37,8,9,6,12,16,46,0.34,0.077,0.643,,,,,,,,,,,
25,49,5,16,19,21,10,26,36,5,1,0,11,11,74,0.51,0.313,0.905,23,58,10,29,7,9,11,16,27,8,2,1,7,17,63,0.397,0.345,0.778,,,,,,,,,,,
22,48,1,7,12,13,11,26,37,9,2,4,12,15,57,0.458,0.143,0.923,19,54,3,18,14,19,9,16,25,6,6,3,3,11,55,0.352,0.167,0.737,,,,,,,,,,,
21,63,2,19,14,19,12,18,30,8,12,2,12,18,58,0.333,0.105,0.737,26,57,11,20,16,17,13,32,45,19,5,6,20,16,79,0.456,0.55,0.941,,,,,,,,,,,
17,43,5,14,12,15,5,25,30,5,2,1,10,9,51,0.395,0.357,0.8,20,48,5,17,5,10,4,22,26,8,8,2,6,13,50,0.417,0.294,0.5,,,,,,,,,,,
20,62,4,21,9,17,11,22,33,8,7,2,7,21,53,0.323,0.19,0.529,17,47,7,20,19,26,8,34,42,10,5,4,13,15,60,0.362,0.35,0.731,,,,,,,,,,,
19,48,7,22,9,15,6,18,24,6,6,1,9,15,54,0.396,0.318,0.6,18,43,10,21,14,17,8,25,33,9,5,3,13,11,60,0.419,0.476,0.824,,,,,,,,,,,